<?xml version="1.0" encoding="UTF-8"?>
<root>
  <item name="androidx.media3.exoplayer.text.ExoplayerCuesDecoder inputBufferState">
    <annotation name="androidx.annotation.IntDef">
      <val name="value" val="{androidx.media3.exoplayer.text.ExoplayerCuesDecoder.INPUT_BUFFER_AVAILABLE, androidx.media3.exoplayer.text.ExoplayerCuesDecoder.INPUT_BUFFER_DEQUEUED, androidx.media3.exoplayer.text.ExoplayerCuesDecoder.INPUT_BUFFER_QUEUED}" />
    </annotation>
  </item>
  <item name="androidx.media3.exoplayer.text.TextRenderer decoderReplacementState">
    <annotation name="androidx.annotation.IntDef">
      <val name="value" val="{androidx.media3.exoplayer.text.TextRenderer.REPLACEMENT_STATE_NONE, androidx.media3.exoplayer.text.TextRenderer.REPLACEMENT_STATE_SIGNAL_END_OF_STREAM, androidx.media3.exoplayer.text.TextRenderer.REPLACEMENT_STATE_WAIT_END_OF_STREAM}" />
    </annotation>
  </item>
  <item name="androidx.media3.exoplayer.text.TextRenderer int supportsFormat(androidx.media3.common.Format)">
  </item>
</root>

