<?xml version="1.0" encoding="UTF-8"?>
<root>
  <item name="androidx.media3.exoplayer.mediacodec.AsynchronousMediaCodecAdapter state">
    <annotation name="androidx.annotation.IntDef">
      <val name="value" val="{androidx.media3.exoplayer.mediacodec.AsynchronousMediaCodecAdapter.STATE_CREATED, androidx.media3.exoplayer.mediacodec.AsynchronousMediaCodecAdapter.STATE_INITIALIZED, androidx.media3.exoplayer.mediacodec.AsynchronousMediaCodecAdapter.STATE_SHUT_DOWN}" />
    </annotation>
  </item>
  <item name="androidx.media3.exoplayer.mediacodec.DefaultMediaCodecAdapterFactory asynchronousMode">
    <annotation name="androidx.annotation.IntDef">
      <val name="value" val="{androidx.media3.exoplayer.mediacodec.DefaultMediaCodecAdapterFactory.MODE_DEFAULT, androidx.media3.exoplayer.mediacodec.DefaultMediaCodecAdapterFactory.MODE_ENABLED, androidx.media3.exoplayer.mediacodec.DefaultMediaCodecAdapterFactory.MODE_DISABLED}" />
    </annotation>
  </item>
  <item name="androidx.media3.exoplayer.mediacodec.MediaCodecInfo.Api29 int areResolutionAndFrameRateCovered(android.media.MediaCodecInfo.VideoCapabilities, int, int, double)">
    <annotation name="androidx.annotation.IntDef">
      <val name="value" val="{androidx.media3.exoplayer.mediacodec.MediaCodecInfo.COVERAGE_RESULT_YES, androidx.media3.exoplayer.mediacodec.MediaCodecInfo.COVERAGE_RESULT_NO, androidx.media3.exoplayer.mediacodec.MediaCodecInfo.COVERAGE_RESULT_NO_EMPTY_LIST}" />
    </annotation>
  </item>
  <item name="androidx.media3.exoplayer.mediacodec.MediaCodecRenderer boolean readSourceOmittingSampleData(int) 0">
    <annotation name="androidx.annotation.IntDef">
      <val name="flag" val="true" />
      <val name="value" val="{androidx.media3.exoplayer.source.SampleStream.FLAG_PEEK, androidx.media3.exoplayer.source.SampleStream.FLAG_REQUIRE_FORMAT, androidx.media3.exoplayer.source.SampleStream.FLAG_OMIT_SAMPLE_DATA}" />
    </annotation>
  </item>
  <item name="androidx.media3.exoplayer.mediacodec.MediaCodecRenderer codecAdaptationWorkaroundMode">
    <annotation name="androidx.annotation.IntDef">
      <val name="value" val="{androidx.media3.exoplayer.mediacodec.MediaCodecRenderer.ADAPTATION_WORKAROUND_MODE_NEVER, androidx.media3.exoplayer.mediacodec.MediaCodecRenderer.ADAPTATION_WORKAROUND_MODE_SAME_RESOLUTION, androidx.media3.exoplayer.mediacodec.MediaCodecRenderer.ADAPTATION_WORKAROUND_MODE_ALWAYS}" />
    </annotation>
  </item>
  <item name="androidx.media3.exoplayer.mediacodec.MediaCodecRenderer codecDrainAction">
    <annotation name="androidx.annotation.IntDef">
      <val name="value" val="{androidx.media3.exoplayer.mediacodec.MediaCodecRenderer.DRAIN_ACTION_NONE, androidx.media3.exoplayer.mediacodec.MediaCodecRenderer.DRAIN_ACTION_FLUSH, androidx.media3.exoplayer.mediacodec.MediaCodecRenderer.DRAIN_ACTION_FLUSH_AND_UPDATE_DRM_SESSION, androidx.media3.exoplayer.mediacodec.MediaCodecRenderer.DRAIN_ACTION_REINITIALIZE}" />
    </annotation>
  </item>
  <item name="androidx.media3.exoplayer.mediacodec.MediaCodecRenderer codecDrainState">
    <annotation name="androidx.annotation.IntDef">
      <val name="value" val="{androidx.media3.exoplayer.mediacodec.MediaCodecRenderer.DRAIN_STATE_NONE, androidx.media3.exoplayer.mediacodec.MediaCodecRenderer.DRAIN_STATE_SIGNAL_END_OF_STREAM, androidx.media3.exoplayer.mediacodec.MediaCodecRenderer.DRAIN_STATE_WAIT_END_OF_STREAM}" />
    </annotation>
  </item>
  <item name="androidx.media3.exoplayer.mediacodec.MediaCodecRenderer codecReconfigurationState">
    <annotation name="androidx.annotation.IntDef">
      <val name="value" val="{androidx.media3.exoplayer.mediacodec.MediaCodecRenderer.RECONFIGURATION_STATE_NONE, androidx.media3.exoplayer.mediacodec.MediaCodecRenderer.RECONFIGURATION_STATE_WRITE_PENDING, androidx.media3.exoplayer.mediacodec.MediaCodecRenderer.RECONFIGURATION_STATE_QUEUE_PENDING}" />
    </annotation>
  </item>
  <item name="androidx.media3.exoplayer.mediacodec.MediaCodecRenderer int codecAdaptationWorkaroundMode(java.lang.String)">
    <annotation name="androidx.annotation.IntDef">
      <val name="value" val="{androidx.media3.exoplayer.mediacodec.MediaCodecRenderer.ADAPTATION_WORKAROUND_MODE_NEVER, androidx.media3.exoplayer.mediacodec.MediaCodecRenderer.ADAPTATION_WORKAROUND_MODE_SAME_RESOLUTION, androidx.media3.exoplayer.mediacodec.MediaCodecRenderer.ADAPTATION_WORKAROUND_MODE_ALWAYS}" />
    </annotation>
  </item>
  <item name="androidx.media3.exoplayer.mediacodec.MediaCodecRenderer int supportsFormat(androidx.media3.common.Format)">
  </item>
  <item name="androidx.media3.exoplayer.mediacodec.MediaCodecRenderer int supportsFormat(androidx.media3.exoplayer.mediacodec.MediaCodecSelector, androidx.media3.common.Format)">
  </item>
  <item name="androidx.media3.exoplayer.mediacodec.MediaCodecRenderer int supportsMixedMimeTypeAdaptation()">
    <annotation name="androidx.annotation.IntDef">
      <val name="value" val="{androidx.media3.exoplayer.RendererCapabilities.ADAPTIVE_SEAMLESS, androidx.media3.exoplayer.RendererCapabilities.ADAPTIVE_NOT_SEAMLESS, androidx.media3.exoplayer.RendererCapabilities.ADAPTIVE_NOT_SUPPORTED}" />
    </annotation>
  </item>
</root>

