<?xml version="1.0" encoding="UTF-8"?>
<root>
  <item name="androidx.media3.exoplayer.audio.AudioSink int getFormatSupport(androidx.media3.common.Format)">
    <annotation name="androidx.annotation.IntDef">
      <val name="value" val="{androidx.media3.exoplayer.audio.AudioSink.SINK_FORMAT_SUPPORTED_DIRECTLY, androidx.media3.exoplayer.audio.AudioSink.SINK_FORMAT_SUPPORTED_WITH_TRANSCODING, androidx.media3.exoplayer.audio.AudioSink.SINK_FORMAT_UNSUPPORTED}" />
    </annotation>
  </item>
  <item name="androidx.media3.exoplayer.audio.AudioSink.SinkFormatSupport">
    <annotation name="androidx.annotation.IntDef">
      <val name="value" val="{androidx.media3.exoplayer.audio.AudioSink.SINK_FORMAT_SUPPORTED_DIRECTLY, androidx.media3.exoplayer.audio.AudioSink.SINK_FORMAT_SUPPORTED_WITH_TRANSCODING, androidx.media3.exoplayer.audio.AudioSink.SINK_FORMAT_UNSUPPORTED}" />
    </annotation>
  </item>
  <item name="androidx.media3.exoplayer.audio.AudioTimestampPoller state">
    <annotation name="androidx.annotation.IntDef">
      <val name="value" val="{androidx.media3.exoplayer.audio.AudioTimestampPoller.STATE_INITIALIZING, androidx.media3.exoplayer.audio.AudioTimestampPoller.STATE_TIMESTAMP, androidx.media3.exoplayer.audio.AudioTimestampPoller.STATE_TIMESTAMP_ADVANCING, androidx.media3.exoplayer.audio.AudioTimestampPoller.STATE_NO_TIMESTAMP, androidx.media3.exoplayer.audio.AudioTimestampPoller.STATE_ERROR}" />
    </annotation>
  </item>
  <item name="androidx.media3.exoplayer.audio.AudioTimestampPoller void updateState(int) 0">
    <annotation name="androidx.annotation.IntDef">
      <val name="value" val="{androidx.media3.exoplayer.audio.AudioTimestampPoller.STATE_INITIALIZING, androidx.media3.exoplayer.audio.AudioTimestampPoller.STATE_TIMESTAMP, androidx.media3.exoplayer.audio.AudioTimestampPoller.STATE_TIMESTAMP_ADVANCING, androidx.media3.exoplayer.audio.AudioTimestampPoller.STATE_NO_TIMESTAMP, androidx.media3.exoplayer.audio.AudioTimestampPoller.STATE_ERROR}" />
    </annotation>
  </item>
  <item name="androidx.media3.exoplayer.audio.DecoderAudioRenderer decoderReinitializationState">
    <annotation name="androidx.annotation.IntDef">
      <val name="value" val="{androidx.media3.exoplayer.audio.DecoderAudioRenderer.REINITIALIZATION_STATE_NONE, androidx.media3.exoplayer.audio.DecoderAudioRenderer.REINITIALIZATION_STATE_SIGNAL_END_OF_STREAM, androidx.media3.exoplayer.audio.DecoderAudioRenderer.REINITIALIZATION_STATE_WAIT_END_OF_STREAM}" />
    </annotation>
  </item>
  <item name="androidx.media3.exoplayer.audio.DecoderAudioRenderer int getSinkFormatSupport(androidx.media3.common.Format)">
    <annotation name="androidx.annotation.IntDef">
      <val name="value" val="{androidx.media3.exoplayer.audio.AudioSink.SINK_FORMAT_SUPPORTED_DIRECTLY, androidx.media3.exoplayer.audio.AudioSink.SINK_FORMAT_SUPPORTED_WITH_TRANSCODING, androidx.media3.exoplayer.audio.AudioSink.SINK_FORMAT_UNSUPPORTED}" />
    </annotation>
  </item>
  <item name="androidx.media3.exoplayer.audio.DecoderAudioRenderer int supportsFormat(androidx.media3.common.Format)">
  </item>
  <item name="androidx.media3.exoplayer.audio.DecoderAudioRenderer void handleMessage(int, java.lang.Object) 0">
    <annotation name="androidx.annotation.IntDef">
      <val name="open" val="true" />
      <val name="value" val="{androidx.media3.exoplayer.Renderer.MSG_SET_VIDEO_OUTPUT, androidx.media3.exoplayer.Renderer.MSG_SET_VOLUME, androidx.media3.exoplayer.Renderer.MSG_SET_AUDIO_ATTRIBUTES, androidx.media3.exoplayer.Renderer.MSG_SET_SCALING_MODE, androidx.media3.exoplayer.Renderer.MSG_SET_CHANGE_FRAME_RATE_STRATEGY, androidx.media3.exoplayer.Renderer.MSG_SET_AUX_EFFECT_INFO, androidx.media3.exoplayer.Renderer.MSG_SET_VIDEO_FRAME_METADATA_LISTENER, androidx.media3.exoplayer.Renderer.MSG_SET_CAMERA_MOTION_LISTENER, androidx.media3.exoplayer.Renderer.MSG_SET_SKIP_SILENCE_ENABLED, androidx.media3.exoplayer.Renderer.MSG_SET_AUDIO_SESSION_ID, androidx.media3.exoplayer.Renderer.MSG_SET_WAKEUP_LISTENER, androidx.media3.exoplayer.Renderer.MSG_SET_VIDEO_EFFECTS, androidx.media3.exoplayer.Renderer.MSG_SET_VIDEO_OUTPUT_RESOLUTION}" />
    </annotation>
  </item>
  <item name="androidx.media3.exoplayer.audio.DefaultAudioSink int getFormatSupport(androidx.media3.common.Format)">
    <annotation name="androidx.annotation.IntDef">
      <val name="value" val="{androidx.media3.exoplayer.audio.AudioSink.SINK_FORMAT_SUPPORTED_DIRECTLY, androidx.media3.exoplayer.audio.AudioSink.SINK_FORMAT_SUPPORTED_WITH_TRANSCODING, androidx.media3.exoplayer.audio.AudioSink.SINK_FORMAT_UNSUPPORTED}" />
    </annotation>
  </item>
  <item name="androidx.media3.exoplayer.audio.DefaultAudioSink offloadMode">
    <annotation name="androidx.annotation.IntDef">
      <val name="value" val="{androidx.media3.exoplayer.audio.DefaultAudioSink.OFFLOAD_MODE_DISABLED, androidx.media3.exoplayer.audio.DefaultAudioSink.OFFLOAD_MODE_ENABLED_GAPLESS_REQUIRED, androidx.media3.exoplayer.audio.DefaultAudioSink.OFFLOAD_MODE_ENABLED_GAPLESS_NOT_REQUIRED, androidx.media3.exoplayer.audio.DefaultAudioSink.OFFLOAD_MODE_ENABLED_GAPLESS_DISABLED}" />
    </annotation>
  </item>
  <item name="androidx.media3.exoplayer.audio.DefaultAudioSink.AudioTrackBufferSizeProvider int getBufferSizeInBytes(int, int, int, int, int, int, double) 2">
    <annotation name="androidx.annotation.IntDef">
      <val name="value" val="{androidx.media3.exoplayer.audio.DefaultAudioSink.OUTPUT_MODE_PCM, androidx.media3.exoplayer.audio.DefaultAudioSink.OUTPUT_MODE_OFFLOAD, androidx.media3.exoplayer.audio.DefaultAudioSink.OUTPUT_MODE_PASSTHROUGH}" />
    </annotation>
  </item>
  <item name="androidx.media3.exoplayer.audio.DefaultAudioSink.Builder androidx.media3.exoplayer.audio.DefaultAudioSink.Builder setOffloadMode(int) 0">
    <annotation name="androidx.annotation.IntDef">
      <val name="value" val="{androidx.media3.exoplayer.audio.DefaultAudioSink.OFFLOAD_MODE_DISABLED, androidx.media3.exoplayer.audio.DefaultAudioSink.OFFLOAD_MODE_ENABLED_GAPLESS_REQUIRED, androidx.media3.exoplayer.audio.DefaultAudioSink.OFFLOAD_MODE_ENABLED_GAPLESS_NOT_REQUIRED, androidx.media3.exoplayer.audio.DefaultAudioSink.OFFLOAD_MODE_ENABLED_GAPLESS_DISABLED}" />
    </annotation>
  </item>
  <item name="androidx.media3.exoplayer.audio.DefaultAudioSink.Configuration Configuration(androidx.media3.common.Format, int, int, int, int, int, int, int, androidx.media3.common.audio.AudioProcessingPipeline, boolean) 2">
    <annotation name="androidx.annotation.IntDef">
      <val name="value" val="{androidx.media3.exoplayer.audio.DefaultAudioSink.OUTPUT_MODE_PCM, androidx.media3.exoplayer.audio.DefaultAudioSink.OUTPUT_MODE_OFFLOAD, androidx.media3.exoplayer.audio.DefaultAudioSink.OUTPUT_MODE_PASSTHROUGH}" />
    </annotation>
  </item>
  <item name="androidx.media3.exoplayer.audio.DefaultAudioSink.Configuration outputMode">
    <annotation name="androidx.annotation.IntDef">
      <val name="value" val="{androidx.media3.exoplayer.audio.DefaultAudioSink.OUTPUT_MODE_PCM, androidx.media3.exoplayer.audio.DefaultAudioSink.OUTPUT_MODE_OFFLOAD, androidx.media3.exoplayer.audio.DefaultAudioSink.OUTPUT_MODE_PASSTHROUGH}" />
    </annotation>
  </item>
  <item name="androidx.media3.exoplayer.audio.DefaultAudioSink.OffloadMode">
    <annotation name="androidx.annotation.IntDef">
      <val name="value" val="{androidx.media3.exoplayer.audio.DefaultAudioSink.OFFLOAD_MODE_DISABLED, androidx.media3.exoplayer.audio.DefaultAudioSink.OFFLOAD_MODE_ENABLED_GAPLESS_REQUIRED, androidx.media3.exoplayer.audio.DefaultAudioSink.OFFLOAD_MODE_ENABLED_GAPLESS_NOT_REQUIRED, androidx.media3.exoplayer.audio.DefaultAudioSink.OFFLOAD_MODE_ENABLED_GAPLESS_DISABLED}" />
    </annotation>
  </item>
  <item name="androidx.media3.exoplayer.audio.DefaultAudioSink.OutputMode">
    <annotation name="androidx.annotation.IntDef">
      <val name="value" val="{androidx.media3.exoplayer.audio.DefaultAudioSink.OUTPUT_MODE_PCM, androidx.media3.exoplayer.audio.DefaultAudioSink.OUTPUT_MODE_OFFLOAD, androidx.media3.exoplayer.audio.DefaultAudioSink.OUTPUT_MODE_PASSTHROUGH}" />
    </annotation>
  </item>
  <item name="androidx.media3.exoplayer.audio.DefaultAudioTrackBufferSizeProvider int getBufferSizeInBytes(int, int, int, int, int, int, double) 2">
    <annotation name="androidx.annotation.IntDef">
      <val name="value" val="{androidx.media3.exoplayer.audio.DefaultAudioSink.OUTPUT_MODE_PCM, androidx.media3.exoplayer.audio.DefaultAudioSink.OUTPUT_MODE_OFFLOAD, androidx.media3.exoplayer.audio.DefaultAudioSink.OUTPUT_MODE_PASSTHROUGH}" />
    </annotation>
  </item>
  <item name="androidx.media3.exoplayer.audio.ForwardingAudioSink int getFormatSupport(androidx.media3.common.Format)">
    <annotation name="androidx.annotation.IntDef">
      <val name="value" val="{androidx.media3.exoplayer.audio.AudioSink.SINK_FORMAT_SUPPORTED_DIRECTLY, androidx.media3.exoplayer.audio.AudioSink.SINK_FORMAT_SUPPORTED_WITH_TRANSCODING, androidx.media3.exoplayer.audio.AudioSink.SINK_FORMAT_UNSUPPORTED}" />
    </annotation>
  </item>
  <item name="androidx.media3.exoplayer.audio.MediaCodecAudioRenderer int supportsFormat(androidx.media3.exoplayer.mediacodec.MediaCodecSelector, androidx.media3.common.Format)">
  </item>
  <item name="androidx.media3.exoplayer.audio.MediaCodecAudioRenderer void handleMessage(int, java.lang.Object) 0">
    <annotation name="androidx.annotation.IntDef">
      <val name="open" val="true" />
      <val name="value" val="{androidx.media3.exoplayer.Renderer.MSG_SET_VIDEO_OUTPUT, androidx.media3.exoplayer.Renderer.MSG_SET_VOLUME, androidx.media3.exoplayer.Renderer.MSG_SET_AUDIO_ATTRIBUTES, androidx.media3.exoplayer.Renderer.MSG_SET_SCALING_MODE, androidx.media3.exoplayer.Renderer.MSG_SET_CHANGE_FRAME_RATE_STRATEGY, androidx.media3.exoplayer.Renderer.MSG_SET_AUX_EFFECT_INFO, androidx.media3.exoplayer.Renderer.MSG_SET_VIDEO_FRAME_METADATA_LISTENER, androidx.media3.exoplayer.Renderer.MSG_SET_CAMERA_MOTION_LISTENER, androidx.media3.exoplayer.Renderer.MSG_SET_SKIP_SILENCE_ENABLED, androidx.media3.exoplayer.Renderer.MSG_SET_AUDIO_SESSION_ID, androidx.media3.exoplayer.Renderer.MSG_SET_WAKEUP_LISTENER, androidx.media3.exoplayer.Renderer.MSG_SET_VIDEO_EFFECTS, androidx.media3.exoplayer.Renderer.MSG_SET_VIDEO_OUTPUT_RESOLUTION}" />
    </annotation>
  </item>
  <item name="androidx.media3.exoplayer.audio.SilenceSkippingAudioProcessor state">
    <annotation name="androidx.annotation.IntDef">
      <val name="value" val="{androidx.media3.exoplayer.audio.SilenceSkippingAudioProcessor.STATE_NOISY, androidx.media3.exoplayer.audio.SilenceSkippingAudioProcessor.STATE_MAYBE_SILENT, androidx.media3.exoplayer.audio.SilenceSkippingAudioProcessor.STATE_SILENT}" />
    </annotation>
  </item>
</root>

