<?xml version="1.0" encoding="UTF-8"?>
<root>
  <item name="androidx.media3.exoplayer.analytics.AnalyticsListener void onDrmSessionAcquired(androidx.media3.exoplayer.analytics.AnalyticsListener.EventTime, int) 1">
    <annotation name="androidx.annotation.IntDef">
      <val name="value" val="{androidx.media3.exoplayer.drm.DrmSession.STATE_RELEASED, androidx.media3.exoplayer.drm.DrmSession.STATE_ERROR, androidx.media3.exoplayer.drm.DrmSession.STATE_OPENING, androidx.media3.exoplayer.drm.DrmSession.STATE_OPENED, androidx.media3.exoplayer.drm.DrmSession.STATE_OPENED_WITH_KEYS}" />
    </annotation>
  </item>
  <item name="androidx.media3.exoplayer.analytics.AnalyticsListener.EventFlags">
    <annotation name="androidx.annotation.IntDef">
      <val name="value" val="{androidx.media3.exoplayer.analytics.AnalyticsListener.EVENT_TIMELINE_CHANGED, androidx.media3.exoplayer.analytics.AnalyticsListener.EVENT_MEDIA_ITEM_TRANSITION, androidx.media3.exoplayer.analytics.AnalyticsListener.EVENT_TRACKS_CHANGED, androidx.media3.exoplayer.analytics.AnalyticsListener.EVENT_IS_LOADING_CHANGED, androidx.media3.exoplayer.analytics.AnalyticsListener.EVENT_PLAYBACK_STATE_CHANGED, androidx.media3.exoplayer.analytics.AnalyticsListener.EVENT_PLAY_WHEN_READY_CHANGED, androidx.media3.exoplayer.analytics.AnalyticsListener.EVENT_PLAYBACK_SUPPRESSION_REASON_CHANGED, androidx.media3.exoplayer.analytics.AnalyticsListener.EVENT_IS_PLAYING_CHANGED, androidx.media3.exoplayer.analytics.AnalyticsListener.EVENT_REPEAT_MODE_CHANGED, androidx.media3.exoplayer.analytics.AnalyticsListener.EVENT_SHUFFLE_MODE_ENABLED_CHANGED, androidx.media3.exoplayer.analytics.AnalyticsListener.EVENT_PLAYER_ERROR, androidx.media3.exoplayer.analytics.AnalyticsListener.EVENT_POSITION_DISCONTINUITY, androidx.media3.exoplayer.analytics.AnalyticsListener.EVENT_PLAYBACK_PARAMETERS_CHANGED, androidx.media3.exoplayer.analytics.AnalyticsListener.EVENT_AVAILABLE_COMMANDS_CHANGED, androidx.media3.exoplayer.analytics.AnalyticsListener.EVENT_MEDIA_METADATA_CHANGED, androidx.media3.exoplayer.analytics.AnalyticsListener.EVENT_PLAYLIST_METADATA_CHANGED, androidx.media3.exoplayer.analytics.AnalyticsListener.EVENT_SEEK_BACK_INCREMENT_CHANGED, androidx.media3.exoplayer.analytics.AnalyticsListener.EVENT_SEEK_FORWARD_INCREMENT_CHANGED, androidx.media3.exoplayer.analytics.AnalyticsListener.EVENT_MAX_SEEK_TO_PREVIOUS_POSITION_CHANGED, androidx.media3.exoplayer.analytics.AnalyticsListener.EVENT_TRACK_SELECTION_PARAMETERS_CHANGED, androidx.media3.exoplayer.analytics.AnalyticsListener.EVENT_DEVICE_INFO_CHANGED, androidx.media3.exoplayer.analytics.AnalyticsListener.EVENT_DEVICE_VOLUME_CHANGED, androidx.media3.exoplayer.analytics.AnalyticsListener.EVENT_LOAD_STARTED, androidx.media3.exoplayer.analytics.AnalyticsListener.EVENT_LOAD_COMPLETED, androidx.media3.exoplayer.analytics.AnalyticsListener.EVENT_LOAD_CANCELED, androidx.media3.exoplayer.analytics.AnalyticsListener.EVENT_LOAD_ERROR, androidx.media3.exoplayer.analytics.AnalyticsListener.EVENT_DOWNSTREAM_FORMAT_CHANGED, androidx.media3.exoplayer.analytics.AnalyticsListener.EVENT_UPSTREAM_DISCARDED, androidx.media3.exoplayer.analytics.AnalyticsListener.EVENT_BANDWIDTH_ESTIMATE, androidx.media3.exoplayer.analytics.AnalyticsListener.EVENT_METADATA, androidx.media3.exoplayer.analytics.AnalyticsListener.EVENT_CUES, androidx.media3.exoplayer.analytics.AnalyticsListener.EVENT_AUDIO_ENABLED, androidx.media3.exoplayer.analytics.AnalyticsListener.EVENT_AUDIO_DECODER_INITIALIZED, androidx.media3.exoplayer.analytics.AnalyticsListener.EVENT_AUDIO_INPUT_FORMAT_CHANGED, androidx.media3.exoplayer.analytics.AnalyticsListener.EVENT_AUDIO_POSITION_ADVANCING, androidx.media3.exoplayer.analytics.AnalyticsListener.EVENT_AUDIO_UNDERRUN, androidx.media3.exoplayer.analytics.AnalyticsListener.EVENT_AUDIO_DECODER_RELEASED, androidx.media3.exoplayer.analytics.AnalyticsListener.EVENT_AUDIO_DISABLED, androidx.media3.exoplayer.analytics.AnalyticsListener.EVENT_AUDIO_SESSION_ID, androidx.media3.exoplayer.analytics.AnalyticsListener.EVENT_AUDIO_ATTRIBUTES_CHANGED, androidx.media3.exoplayer.analytics.AnalyticsListener.EVENT_SKIP_SILENCE_ENABLED_CHANGED, androidx.media3.exoplayer.analytics.AnalyticsListener.EVENT_AUDIO_SINK_ERROR, androidx.media3.exoplayer.analytics.AnalyticsListener.EVENT_VOLUME_CHANGED, androidx.media3.exoplayer.analytics.AnalyticsListener.EVENT_VIDEO_ENABLED, androidx.media3.exoplayer.analytics.AnalyticsListener.EVENT_VIDEO_DECODER_INITIALIZED, androidx.media3.exoplayer.analytics.AnalyticsListener.EVENT_VIDEO_INPUT_FORMAT_CHANGED, androidx.media3.exoplayer.analytics.AnalyticsListener.EVENT_DROPPED_VIDEO_FRAMES, androidx.media3.exoplayer.analytics.AnalyticsListener.EVENT_VIDEO_DECODER_RELEASED, androidx.media3.exoplayer.analytics.AnalyticsListener.EVENT_VIDEO_DISABLED, androidx.media3.exoplayer.analytics.AnalyticsListener.EVENT_VIDEO_FRAME_PROCESSING_OFFSET, androidx.media3.exoplayer.analytics.AnalyticsListener.EVENT_RENDERED_FIRST_FRAME, androidx.media3.exoplayer.analytics.AnalyticsListener.EVENT_VIDEO_SIZE_CHANGED, androidx.media3.exoplayer.analytics.AnalyticsListener.EVENT_SURFACE_SIZE_CHANGED, androidx.media3.exoplayer.analytics.AnalyticsListener.EVENT_DRM_SESSION_ACQUIRED, androidx.media3.exoplayer.analytics.AnalyticsListener.EVENT_DRM_KEYS_LOADED, androidx.media3.exoplayer.analytics.AnalyticsListener.EVENT_DRM_SESSION_MANAGER_ERROR, androidx.media3.exoplayer.analytics.AnalyticsListener.EVENT_DRM_KEYS_RESTORED, androidx.media3.exoplayer.analytics.AnalyticsListener.EVENT_DRM_KEYS_REMOVED, androidx.media3.exoplayer.analytics.AnalyticsListener.EVENT_DRM_SESSION_RELEASED, androidx.media3.exoplayer.analytics.AnalyticsListener.EVENT_PLAYER_RELEASED, androidx.media3.exoplayer.analytics.AnalyticsListener.EVENT_AUDIO_CODEC_ERROR, androidx.media3.exoplayer.analytics.AnalyticsListener.EVENT_VIDEO_CODEC_ERROR}" />
    </annotation>
  </item>
  <item name="androidx.media3.exoplayer.analytics.AnalyticsListener.Events androidx.media3.exoplayer.analytics.AnalyticsListener.EventTime getEventTime(int) 0">
    <annotation name="androidx.annotation.IntDef">
      <val name="value" val="{androidx.media3.exoplayer.analytics.AnalyticsListener.EVENT_TIMELINE_CHANGED, androidx.media3.exoplayer.analytics.AnalyticsListener.EVENT_MEDIA_ITEM_TRANSITION, androidx.media3.exoplayer.analytics.AnalyticsListener.EVENT_TRACKS_CHANGED, androidx.media3.exoplayer.analytics.AnalyticsListener.EVENT_IS_LOADING_CHANGED, androidx.media3.exoplayer.analytics.AnalyticsListener.EVENT_PLAYBACK_STATE_CHANGED, androidx.media3.exoplayer.analytics.AnalyticsListener.EVENT_PLAY_WHEN_READY_CHANGED, androidx.media3.exoplayer.analytics.AnalyticsListener.EVENT_PLAYBACK_SUPPRESSION_REASON_CHANGED, androidx.media3.exoplayer.analytics.AnalyticsListener.EVENT_IS_PLAYING_CHANGED, androidx.media3.exoplayer.analytics.AnalyticsListener.EVENT_REPEAT_MODE_CHANGED, androidx.media3.exoplayer.analytics.AnalyticsListener.EVENT_SHUFFLE_MODE_ENABLED_CHANGED, androidx.media3.exoplayer.analytics.AnalyticsListener.EVENT_PLAYER_ERROR, androidx.media3.exoplayer.analytics.AnalyticsListener.EVENT_POSITION_DISCONTINUITY, androidx.media3.exoplayer.analytics.AnalyticsListener.EVENT_PLAYBACK_PARAMETERS_CHANGED, androidx.media3.exoplayer.analytics.AnalyticsListener.EVENT_AVAILABLE_COMMANDS_CHANGED, androidx.media3.exoplayer.analytics.AnalyticsListener.EVENT_MEDIA_METADATA_CHANGED, androidx.media3.exoplayer.analytics.AnalyticsListener.EVENT_PLAYLIST_METADATA_CHANGED, androidx.media3.exoplayer.analytics.AnalyticsListener.EVENT_SEEK_BACK_INCREMENT_CHANGED, androidx.media3.exoplayer.analytics.AnalyticsListener.EVENT_SEEK_FORWARD_INCREMENT_CHANGED, androidx.media3.exoplayer.analytics.AnalyticsListener.EVENT_MAX_SEEK_TO_PREVIOUS_POSITION_CHANGED, androidx.media3.exoplayer.analytics.AnalyticsListener.EVENT_TRACK_SELECTION_PARAMETERS_CHANGED, androidx.media3.exoplayer.analytics.AnalyticsListener.EVENT_DEVICE_INFO_CHANGED, androidx.media3.exoplayer.analytics.AnalyticsListener.EVENT_DEVICE_VOLUME_CHANGED, androidx.media3.exoplayer.analytics.AnalyticsListener.EVENT_LOAD_STARTED, androidx.media3.exoplayer.analytics.AnalyticsListener.EVENT_LOAD_COMPLETED, androidx.media3.exoplayer.analytics.AnalyticsListener.EVENT_LOAD_CANCELED, androidx.media3.exoplayer.analytics.AnalyticsListener.EVENT_LOAD_ERROR, androidx.media3.exoplayer.analytics.AnalyticsListener.EVENT_DOWNSTREAM_FORMAT_CHANGED, androidx.media3.exoplayer.analytics.AnalyticsListener.EVENT_UPSTREAM_DISCARDED, androidx.media3.exoplayer.analytics.AnalyticsListener.EVENT_BANDWIDTH_ESTIMATE, androidx.media3.exoplayer.analytics.AnalyticsListener.EVENT_METADATA, androidx.media3.exoplayer.analytics.AnalyticsListener.EVENT_CUES, androidx.media3.exoplayer.analytics.AnalyticsListener.EVENT_AUDIO_ENABLED, androidx.media3.exoplayer.analytics.AnalyticsListener.EVENT_AUDIO_DECODER_INITIALIZED, androidx.media3.exoplayer.analytics.AnalyticsListener.EVENT_AUDIO_INPUT_FORMAT_CHANGED, androidx.media3.exoplayer.analytics.AnalyticsListener.EVENT_AUDIO_POSITION_ADVANCING, androidx.media3.exoplayer.analytics.AnalyticsListener.EVENT_AUDIO_UNDERRUN, androidx.media3.exoplayer.analytics.AnalyticsListener.EVENT_AUDIO_DECODER_RELEASED, androidx.media3.exoplayer.analytics.AnalyticsListener.EVENT_AUDIO_DISABLED, androidx.media3.exoplayer.analytics.AnalyticsListener.EVENT_AUDIO_SESSION_ID, androidx.media3.exoplayer.analytics.AnalyticsListener.EVENT_AUDIO_ATTRIBUTES_CHANGED, androidx.media3.exoplayer.analytics.AnalyticsListener.EVENT_SKIP_SILENCE_ENABLED_CHANGED, androidx.media3.exoplayer.analytics.AnalyticsListener.EVENT_AUDIO_SINK_ERROR, androidx.media3.exoplayer.analytics.AnalyticsListener.EVENT_VOLUME_CHANGED, androidx.media3.exoplayer.analytics.AnalyticsListener.EVENT_VIDEO_ENABLED, androidx.media3.exoplayer.analytics.AnalyticsListener.EVENT_VIDEO_DECODER_INITIALIZED, androidx.media3.exoplayer.analytics.AnalyticsListener.EVENT_VIDEO_INPUT_FORMAT_CHANGED, androidx.media3.exoplayer.analytics.AnalyticsListener.EVENT_DROPPED_VIDEO_FRAMES, androidx.media3.exoplayer.analytics.AnalyticsListener.EVENT_VIDEO_DECODER_RELEASED, androidx.media3.exoplayer.analytics.AnalyticsListener.EVENT_VIDEO_DISABLED, androidx.media3.exoplayer.analytics.AnalyticsListener.EVENT_VIDEO_FRAME_PROCESSING_OFFSET, androidx.media3.exoplayer.analytics.AnalyticsListener.EVENT_RENDERED_FIRST_FRAME, androidx.media3.exoplayer.analytics.AnalyticsListener.EVENT_VIDEO_SIZE_CHANGED, androidx.media3.exoplayer.analytics.AnalyticsListener.EVENT_SURFACE_SIZE_CHANGED, androidx.media3.exoplayer.analytics.AnalyticsListener.EVENT_DRM_SESSION_ACQUIRED, androidx.media3.exoplayer.analytics.AnalyticsListener.EVENT_DRM_KEYS_LOADED, androidx.media3.exoplayer.analytics.AnalyticsListener.EVENT_DRM_SESSION_MANAGER_ERROR, androidx.media3.exoplayer.analytics.AnalyticsListener.EVENT_DRM_KEYS_RESTORED, androidx.media3.exoplayer.analytics.AnalyticsListener.EVENT_DRM_KEYS_REMOVED, androidx.media3.exoplayer.analytics.AnalyticsListener.EVENT_DRM_SESSION_RELEASED, androidx.media3.exoplayer.analytics.AnalyticsListener.EVENT_PLAYER_RELEASED, androidx.media3.exoplayer.analytics.AnalyticsListener.EVENT_AUDIO_CODEC_ERROR, androidx.media3.exoplayer.analytics.AnalyticsListener.EVENT_VIDEO_CODEC_ERROR}" />
    </annotation>
  </item>
  <item name="androidx.media3.exoplayer.analytics.AnalyticsListener.Events boolean contains(int) 0">
    <annotation name="androidx.annotation.IntDef">
      <val name="value" val="{androidx.media3.exoplayer.analytics.AnalyticsListener.EVENT_TIMELINE_CHANGED, androidx.media3.exoplayer.analytics.AnalyticsListener.EVENT_MEDIA_ITEM_TRANSITION, androidx.media3.exoplayer.analytics.AnalyticsListener.EVENT_TRACKS_CHANGED, androidx.media3.exoplayer.analytics.AnalyticsListener.EVENT_IS_LOADING_CHANGED, androidx.media3.exoplayer.analytics.AnalyticsListener.EVENT_PLAYBACK_STATE_CHANGED, androidx.media3.exoplayer.analytics.AnalyticsListener.EVENT_PLAY_WHEN_READY_CHANGED, androidx.media3.exoplayer.analytics.AnalyticsListener.EVENT_PLAYBACK_SUPPRESSION_REASON_CHANGED, androidx.media3.exoplayer.analytics.AnalyticsListener.EVENT_IS_PLAYING_CHANGED, androidx.media3.exoplayer.analytics.AnalyticsListener.EVENT_REPEAT_MODE_CHANGED, androidx.media3.exoplayer.analytics.AnalyticsListener.EVENT_SHUFFLE_MODE_ENABLED_CHANGED, androidx.media3.exoplayer.analytics.AnalyticsListener.EVENT_PLAYER_ERROR, androidx.media3.exoplayer.analytics.AnalyticsListener.EVENT_POSITION_DISCONTINUITY, androidx.media3.exoplayer.analytics.AnalyticsListener.EVENT_PLAYBACK_PARAMETERS_CHANGED, androidx.media3.exoplayer.analytics.AnalyticsListener.EVENT_AVAILABLE_COMMANDS_CHANGED, androidx.media3.exoplayer.analytics.AnalyticsListener.EVENT_MEDIA_METADATA_CHANGED, androidx.media3.exoplayer.analytics.AnalyticsListener.EVENT_PLAYLIST_METADATA_CHANGED, androidx.media3.exoplayer.analytics.AnalyticsListener.EVENT_SEEK_BACK_INCREMENT_CHANGED, androidx.media3.exoplayer.analytics.AnalyticsListener.EVENT_SEEK_FORWARD_INCREMENT_CHANGED, androidx.media3.exoplayer.analytics.AnalyticsListener.EVENT_MAX_SEEK_TO_PREVIOUS_POSITION_CHANGED, androidx.media3.exoplayer.analytics.AnalyticsListener.EVENT_TRACK_SELECTION_PARAMETERS_CHANGED, androidx.media3.exoplayer.analytics.AnalyticsListener.EVENT_DEVICE_INFO_CHANGED, androidx.media3.exoplayer.analytics.AnalyticsListener.EVENT_DEVICE_VOLUME_CHANGED, androidx.media3.exoplayer.analytics.AnalyticsListener.EVENT_LOAD_STARTED, androidx.media3.exoplayer.analytics.AnalyticsListener.EVENT_LOAD_COMPLETED, androidx.media3.exoplayer.analytics.AnalyticsListener.EVENT_LOAD_CANCELED, androidx.media3.exoplayer.analytics.AnalyticsListener.EVENT_LOAD_ERROR, androidx.media3.exoplayer.analytics.AnalyticsListener.EVENT_DOWNSTREAM_FORMAT_CHANGED, androidx.media3.exoplayer.analytics.AnalyticsListener.EVENT_UPSTREAM_DISCARDED, androidx.media3.exoplayer.analytics.AnalyticsListener.EVENT_BANDWIDTH_ESTIMATE, androidx.media3.exoplayer.analytics.AnalyticsListener.EVENT_METADATA, androidx.media3.exoplayer.analytics.AnalyticsListener.EVENT_CUES, androidx.media3.exoplayer.analytics.AnalyticsListener.EVENT_AUDIO_ENABLED, androidx.media3.exoplayer.analytics.AnalyticsListener.EVENT_AUDIO_DECODER_INITIALIZED, androidx.media3.exoplayer.analytics.AnalyticsListener.EVENT_AUDIO_INPUT_FORMAT_CHANGED, androidx.media3.exoplayer.analytics.AnalyticsListener.EVENT_AUDIO_POSITION_ADVANCING, androidx.media3.exoplayer.analytics.AnalyticsListener.EVENT_AUDIO_UNDERRUN, androidx.media3.exoplayer.analytics.AnalyticsListener.EVENT_AUDIO_DECODER_RELEASED, androidx.media3.exoplayer.analytics.AnalyticsListener.EVENT_AUDIO_DISABLED, androidx.media3.exoplayer.analytics.AnalyticsListener.EVENT_AUDIO_SESSION_ID, androidx.media3.exoplayer.analytics.AnalyticsListener.EVENT_AUDIO_ATTRIBUTES_CHANGED, androidx.media3.exoplayer.analytics.AnalyticsListener.EVENT_SKIP_SILENCE_ENABLED_CHANGED, androidx.media3.exoplayer.analytics.AnalyticsListener.EVENT_AUDIO_SINK_ERROR, androidx.media3.exoplayer.analytics.AnalyticsListener.EVENT_VOLUME_CHANGED, androidx.media3.exoplayer.analytics.AnalyticsListener.EVENT_VIDEO_ENABLED, androidx.media3.exoplayer.analytics.AnalyticsListener.EVENT_VIDEO_DECODER_INITIALIZED, androidx.media3.exoplayer.analytics.AnalyticsListener.EVENT_VIDEO_INPUT_FORMAT_CHANGED, androidx.media3.exoplayer.analytics.AnalyticsListener.EVENT_DROPPED_VIDEO_FRAMES, androidx.media3.exoplayer.analytics.AnalyticsListener.EVENT_VIDEO_DECODER_RELEASED, androidx.media3.exoplayer.analytics.AnalyticsListener.EVENT_VIDEO_DISABLED, androidx.media3.exoplayer.analytics.AnalyticsListener.EVENT_VIDEO_FRAME_PROCESSING_OFFSET, androidx.media3.exoplayer.analytics.AnalyticsListener.EVENT_RENDERED_FIRST_FRAME, androidx.media3.exoplayer.analytics.AnalyticsListener.EVENT_VIDEO_SIZE_CHANGED, androidx.media3.exoplayer.analytics.AnalyticsListener.EVENT_SURFACE_SIZE_CHANGED, androidx.media3.exoplayer.analytics.AnalyticsListener.EVENT_DRM_SESSION_ACQUIRED, androidx.media3.exoplayer.analytics.AnalyticsListener.EVENT_DRM_KEYS_LOADED, androidx.media3.exoplayer.analytics.AnalyticsListener.EVENT_DRM_SESSION_MANAGER_ERROR, androidx.media3.exoplayer.analytics.AnalyticsListener.EVENT_DRM_KEYS_RESTORED, androidx.media3.exoplayer.analytics.AnalyticsListener.EVENT_DRM_KEYS_REMOVED, androidx.media3.exoplayer.analytics.AnalyticsListener.EVENT_DRM_SESSION_RELEASED, androidx.media3.exoplayer.analytics.AnalyticsListener.EVENT_PLAYER_RELEASED, androidx.media3.exoplayer.analytics.AnalyticsListener.EVENT_AUDIO_CODEC_ERROR, androidx.media3.exoplayer.analytics.AnalyticsListener.EVENT_VIDEO_CODEC_ERROR}" />
    </annotation>
  </item>
  <item name="androidx.media3.exoplayer.analytics.AnalyticsListener.Events boolean containsAny(int...) 0">
    <annotation name="androidx.annotation.IntDef">
      <val name="value" val="{androidx.media3.exoplayer.analytics.AnalyticsListener.EVENT_TIMELINE_CHANGED, androidx.media3.exoplayer.analytics.AnalyticsListener.EVENT_MEDIA_ITEM_TRANSITION, androidx.media3.exoplayer.analytics.AnalyticsListener.EVENT_TRACKS_CHANGED, androidx.media3.exoplayer.analytics.AnalyticsListener.EVENT_IS_LOADING_CHANGED, androidx.media3.exoplayer.analytics.AnalyticsListener.EVENT_PLAYBACK_STATE_CHANGED, androidx.media3.exoplayer.analytics.AnalyticsListener.EVENT_PLAY_WHEN_READY_CHANGED, androidx.media3.exoplayer.analytics.AnalyticsListener.EVENT_PLAYBACK_SUPPRESSION_REASON_CHANGED, androidx.media3.exoplayer.analytics.AnalyticsListener.EVENT_IS_PLAYING_CHANGED, androidx.media3.exoplayer.analytics.AnalyticsListener.EVENT_REPEAT_MODE_CHANGED, androidx.media3.exoplayer.analytics.AnalyticsListener.EVENT_SHUFFLE_MODE_ENABLED_CHANGED, androidx.media3.exoplayer.analytics.AnalyticsListener.EVENT_PLAYER_ERROR, androidx.media3.exoplayer.analytics.AnalyticsListener.EVENT_POSITION_DISCONTINUITY, androidx.media3.exoplayer.analytics.AnalyticsListener.EVENT_PLAYBACK_PARAMETERS_CHANGED, androidx.media3.exoplayer.analytics.AnalyticsListener.EVENT_AVAILABLE_COMMANDS_CHANGED, androidx.media3.exoplayer.analytics.AnalyticsListener.EVENT_MEDIA_METADATA_CHANGED, androidx.media3.exoplayer.analytics.AnalyticsListener.EVENT_PLAYLIST_METADATA_CHANGED, androidx.media3.exoplayer.analytics.AnalyticsListener.EVENT_SEEK_BACK_INCREMENT_CHANGED, androidx.media3.exoplayer.analytics.AnalyticsListener.EVENT_SEEK_FORWARD_INCREMENT_CHANGED, androidx.media3.exoplayer.analytics.AnalyticsListener.EVENT_MAX_SEEK_TO_PREVIOUS_POSITION_CHANGED, androidx.media3.exoplayer.analytics.AnalyticsListener.EVENT_TRACK_SELECTION_PARAMETERS_CHANGED, androidx.media3.exoplayer.analytics.AnalyticsListener.EVENT_DEVICE_INFO_CHANGED, androidx.media3.exoplayer.analytics.AnalyticsListener.EVENT_DEVICE_VOLUME_CHANGED, androidx.media3.exoplayer.analytics.AnalyticsListener.EVENT_LOAD_STARTED, androidx.media3.exoplayer.analytics.AnalyticsListener.EVENT_LOAD_COMPLETED, androidx.media3.exoplayer.analytics.AnalyticsListener.EVENT_LOAD_CANCELED, androidx.media3.exoplayer.analytics.AnalyticsListener.EVENT_LOAD_ERROR, androidx.media3.exoplayer.analytics.AnalyticsListener.EVENT_DOWNSTREAM_FORMAT_CHANGED, androidx.media3.exoplayer.analytics.AnalyticsListener.EVENT_UPSTREAM_DISCARDED, androidx.media3.exoplayer.analytics.AnalyticsListener.EVENT_BANDWIDTH_ESTIMATE, androidx.media3.exoplayer.analytics.AnalyticsListener.EVENT_METADATA, androidx.media3.exoplayer.analytics.AnalyticsListener.EVENT_CUES, androidx.media3.exoplayer.analytics.AnalyticsListener.EVENT_AUDIO_ENABLED, androidx.media3.exoplayer.analytics.AnalyticsListener.EVENT_AUDIO_DECODER_INITIALIZED, androidx.media3.exoplayer.analytics.AnalyticsListener.EVENT_AUDIO_INPUT_FORMAT_CHANGED, androidx.media3.exoplayer.analytics.AnalyticsListener.EVENT_AUDIO_POSITION_ADVANCING, androidx.media3.exoplayer.analytics.AnalyticsListener.EVENT_AUDIO_UNDERRUN, androidx.media3.exoplayer.analytics.AnalyticsListener.EVENT_AUDIO_DECODER_RELEASED, androidx.media3.exoplayer.analytics.AnalyticsListener.EVENT_AUDIO_DISABLED, androidx.media3.exoplayer.analytics.AnalyticsListener.EVENT_AUDIO_SESSION_ID, androidx.media3.exoplayer.analytics.AnalyticsListener.EVENT_AUDIO_ATTRIBUTES_CHANGED, androidx.media3.exoplayer.analytics.AnalyticsListener.EVENT_SKIP_SILENCE_ENABLED_CHANGED, androidx.media3.exoplayer.analytics.AnalyticsListener.EVENT_AUDIO_SINK_ERROR, androidx.media3.exoplayer.analytics.AnalyticsListener.EVENT_VOLUME_CHANGED, androidx.media3.exoplayer.analytics.AnalyticsListener.EVENT_VIDEO_ENABLED, androidx.media3.exoplayer.analytics.AnalyticsListener.EVENT_VIDEO_DECODER_INITIALIZED, androidx.media3.exoplayer.analytics.AnalyticsListener.EVENT_VIDEO_INPUT_FORMAT_CHANGED, androidx.media3.exoplayer.analytics.AnalyticsListener.EVENT_DROPPED_VIDEO_FRAMES, androidx.media3.exoplayer.analytics.AnalyticsListener.EVENT_VIDEO_DECODER_RELEASED, androidx.media3.exoplayer.analytics.AnalyticsListener.EVENT_VIDEO_DISABLED, androidx.media3.exoplayer.analytics.AnalyticsListener.EVENT_VIDEO_FRAME_PROCESSING_OFFSET, androidx.media3.exoplayer.analytics.AnalyticsListener.EVENT_RENDERED_FIRST_FRAME, androidx.media3.exoplayer.analytics.AnalyticsListener.EVENT_VIDEO_SIZE_CHANGED, androidx.media3.exoplayer.analytics.AnalyticsListener.EVENT_SURFACE_SIZE_CHANGED, androidx.media3.exoplayer.analytics.AnalyticsListener.EVENT_DRM_SESSION_ACQUIRED, androidx.media3.exoplayer.analytics.AnalyticsListener.EVENT_DRM_KEYS_LOADED, androidx.media3.exoplayer.analytics.AnalyticsListener.EVENT_DRM_SESSION_MANAGER_ERROR, androidx.media3.exoplayer.analytics.AnalyticsListener.EVENT_DRM_KEYS_RESTORED, androidx.media3.exoplayer.analytics.AnalyticsListener.EVENT_DRM_KEYS_REMOVED, androidx.media3.exoplayer.analytics.AnalyticsListener.EVENT_DRM_SESSION_RELEASED, androidx.media3.exoplayer.analytics.AnalyticsListener.EVENT_PLAYER_RELEASED, androidx.media3.exoplayer.analytics.AnalyticsListener.EVENT_AUDIO_CODEC_ERROR, androidx.media3.exoplayer.analytics.AnalyticsListener.EVENT_VIDEO_CODEC_ERROR}" />
    </annotation>
  </item>
  <item name="androidx.media3.exoplayer.analytics.AnalyticsListener.Events int get(int)">
    <annotation name="androidx.annotation.IntDef">
      <val name="value" val="{androidx.media3.exoplayer.analytics.AnalyticsListener.EVENT_TIMELINE_CHANGED, androidx.media3.exoplayer.analytics.AnalyticsListener.EVENT_MEDIA_ITEM_TRANSITION, androidx.media3.exoplayer.analytics.AnalyticsListener.EVENT_TRACKS_CHANGED, androidx.media3.exoplayer.analytics.AnalyticsListener.EVENT_IS_LOADING_CHANGED, androidx.media3.exoplayer.analytics.AnalyticsListener.EVENT_PLAYBACK_STATE_CHANGED, androidx.media3.exoplayer.analytics.AnalyticsListener.EVENT_PLAY_WHEN_READY_CHANGED, androidx.media3.exoplayer.analytics.AnalyticsListener.EVENT_PLAYBACK_SUPPRESSION_REASON_CHANGED, androidx.media3.exoplayer.analytics.AnalyticsListener.EVENT_IS_PLAYING_CHANGED, androidx.media3.exoplayer.analytics.AnalyticsListener.EVENT_REPEAT_MODE_CHANGED, androidx.media3.exoplayer.analytics.AnalyticsListener.EVENT_SHUFFLE_MODE_ENABLED_CHANGED, androidx.media3.exoplayer.analytics.AnalyticsListener.EVENT_PLAYER_ERROR, androidx.media3.exoplayer.analytics.AnalyticsListener.EVENT_POSITION_DISCONTINUITY, androidx.media3.exoplayer.analytics.AnalyticsListener.EVENT_PLAYBACK_PARAMETERS_CHANGED, androidx.media3.exoplayer.analytics.AnalyticsListener.EVENT_AVAILABLE_COMMANDS_CHANGED, androidx.media3.exoplayer.analytics.AnalyticsListener.EVENT_MEDIA_METADATA_CHANGED, androidx.media3.exoplayer.analytics.AnalyticsListener.EVENT_PLAYLIST_METADATA_CHANGED, androidx.media3.exoplayer.analytics.AnalyticsListener.EVENT_SEEK_BACK_INCREMENT_CHANGED, androidx.media3.exoplayer.analytics.AnalyticsListener.EVENT_SEEK_FORWARD_INCREMENT_CHANGED, androidx.media3.exoplayer.analytics.AnalyticsListener.EVENT_MAX_SEEK_TO_PREVIOUS_POSITION_CHANGED, androidx.media3.exoplayer.analytics.AnalyticsListener.EVENT_TRACK_SELECTION_PARAMETERS_CHANGED, androidx.media3.exoplayer.analytics.AnalyticsListener.EVENT_DEVICE_INFO_CHANGED, androidx.media3.exoplayer.analytics.AnalyticsListener.EVENT_DEVICE_VOLUME_CHANGED, androidx.media3.exoplayer.analytics.AnalyticsListener.EVENT_LOAD_STARTED, androidx.media3.exoplayer.analytics.AnalyticsListener.EVENT_LOAD_COMPLETED, androidx.media3.exoplayer.analytics.AnalyticsListener.EVENT_LOAD_CANCELED, androidx.media3.exoplayer.analytics.AnalyticsListener.EVENT_LOAD_ERROR, androidx.media3.exoplayer.analytics.AnalyticsListener.EVENT_DOWNSTREAM_FORMAT_CHANGED, androidx.media3.exoplayer.analytics.AnalyticsListener.EVENT_UPSTREAM_DISCARDED, androidx.media3.exoplayer.analytics.AnalyticsListener.EVENT_BANDWIDTH_ESTIMATE, androidx.media3.exoplayer.analytics.AnalyticsListener.EVENT_METADATA, androidx.media3.exoplayer.analytics.AnalyticsListener.EVENT_CUES, androidx.media3.exoplayer.analytics.AnalyticsListener.EVENT_AUDIO_ENABLED, androidx.media3.exoplayer.analytics.AnalyticsListener.EVENT_AUDIO_DECODER_INITIALIZED, androidx.media3.exoplayer.analytics.AnalyticsListener.EVENT_AUDIO_INPUT_FORMAT_CHANGED, androidx.media3.exoplayer.analytics.AnalyticsListener.EVENT_AUDIO_POSITION_ADVANCING, androidx.media3.exoplayer.analytics.AnalyticsListener.EVENT_AUDIO_UNDERRUN, androidx.media3.exoplayer.analytics.AnalyticsListener.EVENT_AUDIO_DECODER_RELEASED, androidx.media3.exoplayer.analytics.AnalyticsListener.EVENT_AUDIO_DISABLED, androidx.media3.exoplayer.analytics.AnalyticsListener.EVENT_AUDIO_SESSION_ID, androidx.media3.exoplayer.analytics.AnalyticsListener.EVENT_AUDIO_ATTRIBUTES_CHANGED, androidx.media3.exoplayer.analytics.AnalyticsListener.EVENT_SKIP_SILENCE_ENABLED_CHANGED, androidx.media3.exoplayer.analytics.AnalyticsListener.EVENT_AUDIO_SINK_ERROR, androidx.media3.exoplayer.analytics.AnalyticsListener.EVENT_VOLUME_CHANGED, androidx.media3.exoplayer.analytics.AnalyticsListener.EVENT_VIDEO_ENABLED, androidx.media3.exoplayer.analytics.AnalyticsListener.EVENT_VIDEO_DECODER_INITIALIZED, androidx.media3.exoplayer.analytics.AnalyticsListener.EVENT_VIDEO_INPUT_FORMAT_CHANGED, androidx.media3.exoplayer.analytics.AnalyticsListener.EVENT_DROPPED_VIDEO_FRAMES, androidx.media3.exoplayer.analytics.AnalyticsListener.EVENT_VIDEO_DECODER_RELEASED, androidx.media3.exoplayer.analytics.AnalyticsListener.EVENT_VIDEO_DISABLED, androidx.media3.exoplayer.analytics.AnalyticsListener.EVENT_VIDEO_FRAME_PROCESSING_OFFSET, androidx.media3.exoplayer.analytics.AnalyticsListener.EVENT_RENDERED_FIRST_FRAME, androidx.media3.exoplayer.analytics.AnalyticsListener.EVENT_VIDEO_SIZE_CHANGED, androidx.media3.exoplayer.analytics.AnalyticsListener.EVENT_SURFACE_SIZE_CHANGED, androidx.media3.exoplayer.analytics.AnalyticsListener.EVENT_DRM_SESSION_ACQUIRED, androidx.media3.exoplayer.analytics.AnalyticsListener.EVENT_DRM_KEYS_LOADED, androidx.media3.exoplayer.analytics.AnalyticsListener.EVENT_DRM_SESSION_MANAGER_ERROR, androidx.media3.exoplayer.analytics.AnalyticsListener.EVENT_DRM_KEYS_RESTORED, androidx.media3.exoplayer.analytics.AnalyticsListener.EVENT_DRM_KEYS_REMOVED, androidx.media3.exoplayer.analytics.AnalyticsListener.EVENT_DRM_SESSION_RELEASED, androidx.media3.exoplayer.analytics.AnalyticsListener.EVENT_PLAYER_RELEASED, androidx.media3.exoplayer.analytics.AnalyticsListener.EVENT_AUDIO_CODEC_ERROR, androidx.media3.exoplayer.analytics.AnalyticsListener.EVENT_VIDEO_CODEC_ERROR}" />
    </annotation>
  </item>
  <item name="androidx.media3.exoplayer.analytics.DefaultAnalyticsCollector void onDrmSessionAcquired(int, androidx.media3.exoplayer.source.MediaSource.MediaPeriodId, int) 2">
    <annotation name="androidx.annotation.IntDef">
      <val name="value" val="{androidx.media3.exoplayer.drm.DrmSession.STATE_RELEASED, androidx.media3.exoplayer.drm.DrmSession.STATE_ERROR, androidx.media3.exoplayer.drm.DrmSession.STATE_OPENING, androidx.media3.exoplayer.drm.DrmSession.STATE_OPENED, androidx.media3.exoplayer.drm.DrmSession.STATE_OPENED_WITH_KEYS}" />
    </annotation>
  </item>
  <item name="androidx.media3.exoplayer.analytics.PlaybackStats int getPlaybackStateAtTime(long)">
    <annotation name="androidx.annotation.IntDef">
      <val name="value" val="{androidx.media3.exoplayer.analytics.PlaybackStats.PLAYBACK_STATE_NOT_STARTED, androidx.media3.exoplayer.analytics.PlaybackStats.PLAYBACK_STATE_JOINING_BACKGROUND, androidx.media3.exoplayer.analytics.PlaybackStats.PLAYBACK_STATE_JOINING_FOREGROUND, androidx.media3.exoplayer.analytics.PlaybackStats.PLAYBACK_STATE_PLAYING, androidx.media3.exoplayer.analytics.PlaybackStats.PLAYBACK_STATE_PAUSED, androidx.media3.exoplayer.analytics.PlaybackStats.PLAYBACK_STATE_SEEKING, androidx.media3.exoplayer.analytics.PlaybackStats.PLAYBACK_STATE_BUFFERING, androidx.media3.exoplayer.analytics.PlaybackStats.PLAYBACK_STATE_PAUSED_BUFFERING, androidx.media3.exoplayer.analytics.PlaybackStats.PLAYBACK_STATE_SUPPRESSED, androidx.media3.exoplayer.analytics.PlaybackStats.PLAYBACK_STATE_SUPPRESSED_BUFFERING, androidx.media3.exoplayer.analytics.PlaybackStats.PLAYBACK_STATE_ENDED, androidx.media3.exoplayer.analytics.PlaybackStats.PLAYBACK_STATE_STOPPED, androidx.media3.exoplayer.analytics.PlaybackStats.PLAYBACK_STATE_FAILED, androidx.media3.exoplayer.analytics.PlaybackStats.PLAYBACK_STATE_INTERRUPTED_BY_AD, androidx.media3.exoplayer.analytics.PlaybackStats.PLAYBACK_STATE_ABANDONED}" />
    </annotation>
  </item>
  <item name="androidx.media3.exoplayer.analytics.PlaybackStats long getPlaybackStateDurationMs(int) 0">
    <annotation name="androidx.annotation.IntDef">
      <val name="value" val="{androidx.media3.exoplayer.analytics.PlaybackStats.PLAYBACK_STATE_NOT_STARTED, androidx.media3.exoplayer.analytics.PlaybackStats.PLAYBACK_STATE_JOINING_BACKGROUND, androidx.media3.exoplayer.analytics.PlaybackStats.PLAYBACK_STATE_JOINING_FOREGROUND, androidx.media3.exoplayer.analytics.PlaybackStats.PLAYBACK_STATE_PLAYING, androidx.media3.exoplayer.analytics.PlaybackStats.PLAYBACK_STATE_PAUSED, androidx.media3.exoplayer.analytics.PlaybackStats.PLAYBACK_STATE_SEEKING, androidx.media3.exoplayer.analytics.PlaybackStats.PLAYBACK_STATE_BUFFERING, androidx.media3.exoplayer.analytics.PlaybackStats.PLAYBACK_STATE_PAUSED_BUFFERING, androidx.media3.exoplayer.analytics.PlaybackStats.PLAYBACK_STATE_SUPPRESSED, androidx.media3.exoplayer.analytics.PlaybackStats.PLAYBACK_STATE_SUPPRESSED_BUFFERING, androidx.media3.exoplayer.analytics.PlaybackStats.PLAYBACK_STATE_ENDED, androidx.media3.exoplayer.analytics.PlaybackStats.PLAYBACK_STATE_STOPPED, androidx.media3.exoplayer.analytics.PlaybackStats.PLAYBACK_STATE_FAILED, androidx.media3.exoplayer.analytics.PlaybackStats.PLAYBACK_STATE_INTERRUPTED_BY_AD, androidx.media3.exoplayer.analytics.PlaybackStats.PLAYBACK_STATE_ABANDONED}" />
    </annotation>
  </item>
  <item name="androidx.media3.exoplayer.analytics.PlaybackStats.EventTimeAndPlaybackState EventTimeAndPlaybackState(androidx.media3.exoplayer.analytics.AnalyticsListener.EventTime, int) 1">
    <annotation name="androidx.annotation.IntDef">
      <val name="value" val="{androidx.media3.exoplayer.analytics.PlaybackStats.PLAYBACK_STATE_NOT_STARTED, androidx.media3.exoplayer.analytics.PlaybackStats.PLAYBACK_STATE_JOINING_BACKGROUND, androidx.media3.exoplayer.analytics.PlaybackStats.PLAYBACK_STATE_JOINING_FOREGROUND, androidx.media3.exoplayer.analytics.PlaybackStats.PLAYBACK_STATE_PLAYING, androidx.media3.exoplayer.analytics.PlaybackStats.PLAYBACK_STATE_PAUSED, androidx.media3.exoplayer.analytics.PlaybackStats.PLAYBACK_STATE_SEEKING, androidx.media3.exoplayer.analytics.PlaybackStats.PLAYBACK_STATE_BUFFERING, androidx.media3.exoplayer.analytics.PlaybackStats.PLAYBACK_STATE_PAUSED_BUFFERING, androidx.media3.exoplayer.analytics.PlaybackStats.PLAYBACK_STATE_SUPPRESSED, androidx.media3.exoplayer.analytics.PlaybackStats.PLAYBACK_STATE_SUPPRESSED_BUFFERING, androidx.media3.exoplayer.analytics.PlaybackStats.PLAYBACK_STATE_ENDED, androidx.media3.exoplayer.analytics.PlaybackStats.PLAYBACK_STATE_STOPPED, androidx.media3.exoplayer.analytics.PlaybackStats.PLAYBACK_STATE_FAILED, androidx.media3.exoplayer.analytics.PlaybackStats.PLAYBACK_STATE_INTERRUPTED_BY_AD, androidx.media3.exoplayer.analytics.PlaybackStats.PLAYBACK_STATE_ABANDONED}" />
    </annotation>
  </item>
  <item name="androidx.media3.exoplayer.analytics.PlaybackStats.EventTimeAndPlaybackState playbackState">
    <annotation name="androidx.annotation.IntDef">
      <val name="value" val="{androidx.media3.exoplayer.analytics.PlaybackStats.PLAYBACK_STATE_NOT_STARTED, androidx.media3.exoplayer.analytics.PlaybackStats.PLAYBACK_STATE_JOINING_BACKGROUND, androidx.media3.exoplayer.analytics.PlaybackStats.PLAYBACK_STATE_JOINING_FOREGROUND, androidx.media3.exoplayer.analytics.PlaybackStats.PLAYBACK_STATE_PLAYING, androidx.media3.exoplayer.analytics.PlaybackStats.PLAYBACK_STATE_PAUSED, androidx.media3.exoplayer.analytics.PlaybackStats.PLAYBACK_STATE_SEEKING, androidx.media3.exoplayer.analytics.PlaybackStats.PLAYBACK_STATE_BUFFERING, androidx.media3.exoplayer.analytics.PlaybackStats.PLAYBACK_STATE_PAUSED_BUFFERING, androidx.media3.exoplayer.analytics.PlaybackStats.PLAYBACK_STATE_SUPPRESSED, androidx.media3.exoplayer.analytics.PlaybackStats.PLAYBACK_STATE_SUPPRESSED_BUFFERING, androidx.media3.exoplayer.analytics.PlaybackStats.PLAYBACK_STATE_ENDED, androidx.media3.exoplayer.analytics.PlaybackStats.PLAYBACK_STATE_STOPPED, androidx.media3.exoplayer.analytics.PlaybackStats.PLAYBACK_STATE_FAILED, androidx.media3.exoplayer.analytics.PlaybackStats.PLAYBACK_STATE_INTERRUPTED_BY_AD, androidx.media3.exoplayer.analytics.PlaybackStats.PLAYBACK_STATE_ABANDONED}" />
    </annotation>
  </item>
  <item name="androidx.media3.exoplayer.analytics.PlaybackStatsListener boolean hasEvent(androidx.media3.exoplayer.analytics.AnalyticsListener.Events, java.lang.String, int) 2">
    <annotation name="androidx.annotation.IntDef">
      <val name="value" val="{androidx.media3.exoplayer.analytics.AnalyticsListener.EVENT_TIMELINE_CHANGED, androidx.media3.exoplayer.analytics.AnalyticsListener.EVENT_MEDIA_ITEM_TRANSITION, androidx.media3.exoplayer.analytics.AnalyticsListener.EVENT_TRACKS_CHANGED, androidx.media3.exoplayer.analytics.AnalyticsListener.EVENT_IS_LOADING_CHANGED, androidx.media3.exoplayer.analytics.AnalyticsListener.EVENT_PLAYBACK_STATE_CHANGED, androidx.media3.exoplayer.analytics.AnalyticsListener.EVENT_PLAY_WHEN_READY_CHANGED, androidx.media3.exoplayer.analytics.AnalyticsListener.EVENT_PLAYBACK_SUPPRESSION_REASON_CHANGED, androidx.media3.exoplayer.analytics.AnalyticsListener.EVENT_IS_PLAYING_CHANGED, androidx.media3.exoplayer.analytics.AnalyticsListener.EVENT_REPEAT_MODE_CHANGED, androidx.media3.exoplayer.analytics.AnalyticsListener.EVENT_SHUFFLE_MODE_ENABLED_CHANGED, androidx.media3.exoplayer.analytics.AnalyticsListener.EVENT_PLAYER_ERROR, androidx.media3.exoplayer.analytics.AnalyticsListener.EVENT_POSITION_DISCONTINUITY, androidx.media3.exoplayer.analytics.AnalyticsListener.EVENT_PLAYBACK_PARAMETERS_CHANGED, androidx.media3.exoplayer.analytics.AnalyticsListener.EVENT_AVAILABLE_COMMANDS_CHANGED, androidx.media3.exoplayer.analytics.AnalyticsListener.EVENT_MEDIA_METADATA_CHANGED, androidx.media3.exoplayer.analytics.AnalyticsListener.EVENT_PLAYLIST_METADATA_CHANGED, androidx.media3.exoplayer.analytics.AnalyticsListener.EVENT_SEEK_BACK_INCREMENT_CHANGED, androidx.media3.exoplayer.analytics.AnalyticsListener.EVENT_SEEK_FORWARD_INCREMENT_CHANGED, androidx.media3.exoplayer.analytics.AnalyticsListener.EVENT_MAX_SEEK_TO_PREVIOUS_POSITION_CHANGED, androidx.media3.exoplayer.analytics.AnalyticsListener.EVENT_TRACK_SELECTION_PARAMETERS_CHANGED, androidx.media3.exoplayer.analytics.AnalyticsListener.EVENT_DEVICE_INFO_CHANGED, androidx.media3.exoplayer.analytics.AnalyticsListener.EVENT_DEVICE_VOLUME_CHANGED, androidx.media3.exoplayer.analytics.AnalyticsListener.EVENT_LOAD_STARTED, androidx.media3.exoplayer.analytics.AnalyticsListener.EVENT_LOAD_COMPLETED, androidx.media3.exoplayer.analytics.AnalyticsListener.EVENT_LOAD_CANCELED, androidx.media3.exoplayer.analytics.AnalyticsListener.EVENT_LOAD_ERROR, androidx.media3.exoplayer.analytics.AnalyticsListener.EVENT_DOWNSTREAM_FORMAT_CHANGED, androidx.media3.exoplayer.analytics.AnalyticsListener.EVENT_UPSTREAM_DISCARDED, androidx.media3.exoplayer.analytics.AnalyticsListener.EVENT_BANDWIDTH_ESTIMATE, androidx.media3.exoplayer.analytics.AnalyticsListener.EVENT_METADATA, androidx.media3.exoplayer.analytics.AnalyticsListener.EVENT_CUES, androidx.media3.exoplayer.analytics.AnalyticsListener.EVENT_AUDIO_ENABLED, androidx.media3.exoplayer.analytics.AnalyticsListener.EVENT_AUDIO_DECODER_INITIALIZED, androidx.media3.exoplayer.analytics.AnalyticsListener.EVENT_AUDIO_INPUT_FORMAT_CHANGED, androidx.media3.exoplayer.analytics.AnalyticsListener.EVENT_AUDIO_POSITION_ADVANCING, androidx.media3.exoplayer.analytics.AnalyticsListener.EVENT_AUDIO_UNDERRUN, androidx.media3.exoplayer.analytics.AnalyticsListener.EVENT_AUDIO_DECODER_RELEASED, androidx.media3.exoplayer.analytics.AnalyticsListener.EVENT_AUDIO_DISABLED, androidx.media3.exoplayer.analytics.AnalyticsListener.EVENT_AUDIO_SESSION_ID, androidx.media3.exoplayer.analytics.AnalyticsListener.EVENT_AUDIO_ATTRIBUTES_CHANGED, androidx.media3.exoplayer.analytics.AnalyticsListener.EVENT_SKIP_SILENCE_ENABLED_CHANGED, androidx.media3.exoplayer.analytics.AnalyticsListener.EVENT_AUDIO_SINK_ERROR, androidx.media3.exoplayer.analytics.AnalyticsListener.EVENT_VOLUME_CHANGED, androidx.media3.exoplayer.analytics.AnalyticsListener.EVENT_VIDEO_ENABLED, androidx.media3.exoplayer.analytics.AnalyticsListener.EVENT_VIDEO_DECODER_INITIALIZED, androidx.media3.exoplayer.analytics.AnalyticsListener.EVENT_VIDEO_INPUT_FORMAT_CHANGED, androidx.media3.exoplayer.analytics.AnalyticsListener.EVENT_DROPPED_VIDEO_FRAMES, androidx.media3.exoplayer.analytics.AnalyticsListener.EVENT_VIDEO_DECODER_RELEASED, androidx.media3.exoplayer.analytics.AnalyticsListener.EVENT_VIDEO_DISABLED, androidx.media3.exoplayer.analytics.AnalyticsListener.EVENT_VIDEO_FRAME_PROCESSING_OFFSET, androidx.media3.exoplayer.analytics.AnalyticsListener.EVENT_RENDERED_FIRST_FRAME, androidx.media3.exoplayer.analytics.AnalyticsListener.EVENT_VIDEO_SIZE_CHANGED, androidx.media3.exoplayer.analytics.AnalyticsListener.EVENT_SURFACE_SIZE_CHANGED, androidx.media3.exoplayer.analytics.AnalyticsListener.EVENT_DRM_SESSION_ACQUIRED, androidx.media3.exoplayer.analytics.AnalyticsListener.EVENT_DRM_KEYS_LOADED, androidx.media3.exoplayer.analytics.AnalyticsListener.EVENT_DRM_SESSION_MANAGER_ERROR, androidx.media3.exoplayer.analytics.AnalyticsListener.EVENT_DRM_KEYS_RESTORED, androidx.media3.exoplayer.analytics.AnalyticsListener.EVENT_DRM_KEYS_REMOVED, androidx.media3.exoplayer.analytics.AnalyticsListener.EVENT_DRM_SESSION_RELEASED, androidx.media3.exoplayer.analytics.AnalyticsListener.EVENT_PLAYER_RELEASED, androidx.media3.exoplayer.analytics.AnalyticsListener.EVENT_AUDIO_CODEC_ERROR, androidx.media3.exoplayer.analytics.AnalyticsListener.EVENT_VIDEO_CODEC_ERROR}" />
    </annotation>
  </item>
  <item name="androidx.media3.exoplayer.analytics.PlaybackStatsListener.PlaybackStatsTracker boolean isInvalidJoinTransition(int, int) 0">
    <annotation name="androidx.annotation.IntDef">
      <val name="value" val="{androidx.media3.exoplayer.analytics.PlaybackStats.PLAYBACK_STATE_NOT_STARTED, androidx.media3.exoplayer.analytics.PlaybackStats.PLAYBACK_STATE_JOINING_BACKGROUND, androidx.media3.exoplayer.analytics.PlaybackStats.PLAYBACK_STATE_JOINING_FOREGROUND, androidx.media3.exoplayer.analytics.PlaybackStats.PLAYBACK_STATE_PLAYING, androidx.media3.exoplayer.analytics.PlaybackStats.PLAYBACK_STATE_PAUSED, androidx.media3.exoplayer.analytics.PlaybackStats.PLAYBACK_STATE_SEEKING, androidx.media3.exoplayer.analytics.PlaybackStats.PLAYBACK_STATE_BUFFERING, androidx.media3.exoplayer.analytics.PlaybackStats.PLAYBACK_STATE_PAUSED_BUFFERING, androidx.media3.exoplayer.analytics.PlaybackStats.PLAYBACK_STATE_SUPPRESSED, androidx.media3.exoplayer.analytics.PlaybackStats.PLAYBACK_STATE_SUPPRESSED_BUFFERING, androidx.media3.exoplayer.analytics.PlaybackStats.PLAYBACK_STATE_ENDED, androidx.media3.exoplayer.analytics.PlaybackStats.PLAYBACK_STATE_STOPPED, androidx.media3.exoplayer.analytics.PlaybackStats.PLAYBACK_STATE_FAILED, androidx.media3.exoplayer.analytics.PlaybackStats.PLAYBACK_STATE_INTERRUPTED_BY_AD, androidx.media3.exoplayer.analytics.PlaybackStats.PLAYBACK_STATE_ABANDONED}" />
    </annotation>
  </item>
  <item name="androidx.media3.exoplayer.analytics.PlaybackStatsListener.PlaybackStatsTracker boolean isInvalidJoinTransition(int, int) 1">
    <annotation name="androidx.annotation.IntDef">
      <val name="value" val="{androidx.media3.exoplayer.analytics.PlaybackStats.PLAYBACK_STATE_NOT_STARTED, androidx.media3.exoplayer.analytics.PlaybackStats.PLAYBACK_STATE_JOINING_BACKGROUND, androidx.media3.exoplayer.analytics.PlaybackStats.PLAYBACK_STATE_JOINING_FOREGROUND, androidx.media3.exoplayer.analytics.PlaybackStats.PLAYBACK_STATE_PLAYING, androidx.media3.exoplayer.analytics.PlaybackStats.PLAYBACK_STATE_PAUSED, androidx.media3.exoplayer.analytics.PlaybackStats.PLAYBACK_STATE_SEEKING, androidx.media3.exoplayer.analytics.PlaybackStats.PLAYBACK_STATE_BUFFERING, androidx.media3.exoplayer.analytics.PlaybackStats.PLAYBACK_STATE_PAUSED_BUFFERING, androidx.media3.exoplayer.analytics.PlaybackStats.PLAYBACK_STATE_SUPPRESSED, androidx.media3.exoplayer.analytics.PlaybackStats.PLAYBACK_STATE_SUPPRESSED_BUFFERING, androidx.media3.exoplayer.analytics.PlaybackStats.PLAYBACK_STATE_ENDED, androidx.media3.exoplayer.analytics.PlaybackStats.PLAYBACK_STATE_STOPPED, androidx.media3.exoplayer.analytics.PlaybackStats.PLAYBACK_STATE_FAILED, androidx.media3.exoplayer.analytics.PlaybackStats.PLAYBACK_STATE_INTERRUPTED_BY_AD, androidx.media3.exoplayer.analytics.PlaybackStats.PLAYBACK_STATE_ABANDONED}" />
    </annotation>
  </item>
  <item name="androidx.media3.exoplayer.analytics.PlaybackStatsListener.PlaybackStatsTracker boolean isPausedState(int) 0">
    <annotation name="androidx.annotation.IntDef">
      <val name="value" val="{androidx.media3.exoplayer.analytics.PlaybackStats.PLAYBACK_STATE_NOT_STARTED, androidx.media3.exoplayer.analytics.PlaybackStats.PLAYBACK_STATE_JOINING_BACKGROUND, androidx.media3.exoplayer.analytics.PlaybackStats.PLAYBACK_STATE_JOINING_FOREGROUND, androidx.media3.exoplayer.analytics.PlaybackStats.PLAYBACK_STATE_PLAYING, androidx.media3.exoplayer.analytics.PlaybackStats.PLAYBACK_STATE_PAUSED, androidx.media3.exoplayer.analytics.PlaybackStats.PLAYBACK_STATE_SEEKING, androidx.media3.exoplayer.analytics.PlaybackStats.PLAYBACK_STATE_BUFFERING, androidx.media3.exoplayer.analytics.PlaybackStats.PLAYBACK_STATE_PAUSED_BUFFERING, androidx.media3.exoplayer.analytics.PlaybackStats.PLAYBACK_STATE_SUPPRESSED, androidx.media3.exoplayer.analytics.PlaybackStats.PLAYBACK_STATE_SUPPRESSED_BUFFERING, androidx.media3.exoplayer.analytics.PlaybackStats.PLAYBACK_STATE_ENDED, androidx.media3.exoplayer.analytics.PlaybackStats.PLAYBACK_STATE_STOPPED, androidx.media3.exoplayer.analytics.PlaybackStats.PLAYBACK_STATE_FAILED, androidx.media3.exoplayer.analytics.PlaybackStats.PLAYBACK_STATE_INTERRUPTED_BY_AD, androidx.media3.exoplayer.analytics.PlaybackStats.PLAYBACK_STATE_ABANDONED}" />
    </annotation>
  </item>
  <item name="androidx.media3.exoplayer.analytics.PlaybackStatsListener.PlaybackStatsTracker boolean isReadyState(int) 0">
    <annotation name="androidx.annotation.IntDef">
      <val name="value" val="{androidx.media3.exoplayer.analytics.PlaybackStats.PLAYBACK_STATE_NOT_STARTED, androidx.media3.exoplayer.analytics.PlaybackStats.PLAYBACK_STATE_JOINING_BACKGROUND, androidx.media3.exoplayer.analytics.PlaybackStats.PLAYBACK_STATE_JOINING_FOREGROUND, androidx.media3.exoplayer.analytics.PlaybackStats.PLAYBACK_STATE_PLAYING, androidx.media3.exoplayer.analytics.PlaybackStats.PLAYBACK_STATE_PAUSED, androidx.media3.exoplayer.analytics.PlaybackStats.PLAYBACK_STATE_SEEKING, androidx.media3.exoplayer.analytics.PlaybackStats.PLAYBACK_STATE_BUFFERING, androidx.media3.exoplayer.analytics.PlaybackStats.PLAYBACK_STATE_PAUSED_BUFFERING, androidx.media3.exoplayer.analytics.PlaybackStats.PLAYBACK_STATE_SUPPRESSED, androidx.media3.exoplayer.analytics.PlaybackStats.PLAYBACK_STATE_SUPPRESSED_BUFFERING, androidx.media3.exoplayer.analytics.PlaybackStats.PLAYBACK_STATE_ENDED, androidx.media3.exoplayer.analytics.PlaybackStats.PLAYBACK_STATE_STOPPED, androidx.media3.exoplayer.analytics.PlaybackStats.PLAYBACK_STATE_FAILED, androidx.media3.exoplayer.analytics.PlaybackStats.PLAYBACK_STATE_INTERRUPTED_BY_AD, androidx.media3.exoplayer.analytics.PlaybackStats.PLAYBACK_STATE_ABANDONED}" />
    </annotation>
  </item>
  <item name="androidx.media3.exoplayer.analytics.PlaybackStatsListener.PlaybackStatsTracker boolean isRebufferingState(int) 0">
    <annotation name="androidx.annotation.IntDef">
      <val name="value" val="{androidx.media3.exoplayer.analytics.PlaybackStats.PLAYBACK_STATE_NOT_STARTED, androidx.media3.exoplayer.analytics.PlaybackStats.PLAYBACK_STATE_JOINING_BACKGROUND, androidx.media3.exoplayer.analytics.PlaybackStats.PLAYBACK_STATE_JOINING_FOREGROUND, androidx.media3.exoplayer.analytics.PlaybackStats.PLAYBACK_STATE_PLAYING, androidx.media3.exoplayer.analytics.PlaybackStats.PLAYBACK_STATE_PAUSED, androidx.media3.exoplayer.analytics.PlaybackStats.PLAYBACK_STATE_SEEKING, androidx.media3.exoplayer.analytics.PlaybackStats.PLAYBACK_STATE_BUFFERING, androidx.media3.exoplayer.analytics.PlaybackStats.PLAYBACK_STATE_PAUSED_BUFFERING, androidx.media3.exoplayer.analytics.PlaybackStats.PLAYBACK_STATE_SUPPRESSED, androidx.media3.exoplayer.analytics.PlaybackStats.PLAYBACK_STATE_SUPPRESSED_BUFFERING, androidx.media3.exoplayer.analytics.PlaybackStats.PLAYBACK_STATE_ENDED, androidx.media3.exoplayer.analytics.PlaybackStats.PLAYBACK_STATE_STOPPED, androidx.media3.exoplayer.analytics.PlaybackStats.PLAYBACK_STATE_FAILED, androidx.media3.exoplayer.analytics.PlaybackStats.PLAYBACK_STATE_INTERRUPTED_BY_AD, androidx.media3.exoplayer.analytics.PlaybackStats.PLAYBACK_STATE_ABANDONED}" />
    </annotation>
  </item>
  <item name="androidx.media3.exoplayer.analytics.PlaybackStatsListener.PlaybackStatsTracker currentPlaybackState">
    <annotation name="androidx.annotation.IntDef">
      <val name="value" val="{androidx.media3.exoplayer.analytics.PlaybackStats.PLAYBACK_STATE_NOT_STARTED, androidx.media3.exoplayer.analytics.PlaybackStats.PLAYBACK_STATE_JOINING_BACKGROUND, androidx.media3.exoplayer.analytics.PlaybackStats.PLAYBACK_STATE_JOINING_FOREGROUND, androidx.media3.exoplayer.analytics.PlaybackStats.PLAYBACK_STATE_PLAYING, androidx.media3.exoplayer.analytics.PlaybackStats.PLAYBACK_STATE_PAUSED, androidx.media3.exoplayer.analytics.PlaybackStats.PLAYBACK_STATE_SEEKING, androidx.media3.exoplayer.analytics.PlaybackStats.PLAYBACK_STATE_BUFFERING, androidx.media3.exoplayer.analytics.PlaybackStats.PLAYBACK_STATE_PAUSED_BUFFERING, androidx.media3.exoplayer.analytics.PlaybackStats.PLAYBACK_STATE_SUPPRESSED, androidx.media3.exoplayer.analytics.PlaybackStats.PLAYBACK_STATE_SUPPRESSED_BUFFERING, androidx.media3.exoplayer.analytics.PlaybackStats.PLAYBACK_STATE_ENDED, androidx.media3.exoplayer.analytics.PlaybackStats.PLAYBACK_STATE_STOPPED, androidx.media3.exoplayer.analytics.PlaybackStats.PLAYBACK_STATE_FAILED, androidx.media3.exoplayer.analytics.PlaybackStats.PLAYBACK_STATE_INTERRUPTED_BY_AD, androidx.media3.exoplayer.analytics.PlaybackStats.PLAYBACK_STATE_ABANDONED}" />
    </annotation>
  </item>
  <item name="androidx.media3.exoplayer.analytics.PlaybackStatsListener.PlaybackStatsTracker int resolveNewPlaybackState(androidx.media3.common.Player)">
    <annotation name="androidx.annotation.IntDef">
      <val name="value" val="{androidx.media3.exoplayer.analytics.PlaybackStats.PLAYBACK_STATE_NOT_STARTED, androidx.media3.exoplayer.analytics.PlaybackStats.PLAYBACK_STATE_JOINING_BACKGROUND, androidx.media3.exoplayer.analytics.PlaybackStats.PLAYBACK_STATE_JOINING_FOREGROUND, androidx.media3.exoplayer.analytics.PlaybackStats.PLAYBACK_STATE_PLAYING, androidx.media3.exoplayer.analytics.PlaybackStats.PLAYBACK_STATE_PAUSED, androidx.media3.exoplayer.analytics.PlaybackStats.PLAYBACK_STATE_SEEKING, androidx.media3.exoplayer.analytics.PlaybackStats.PLAYBACK_STATE_BUFFERING, androidx.media3.exoplayer.analytics.PlaybackStats.PLAYBACK_STATE_PAUSED_BUFFERING, androidx.media3.exoplayer.analytics.PlaybackStats.PLAYBACK_STATE_SUPPRESSED, androidx.media3.exoplayer.analytics.PlaybackStats.PLAYBACK_STATE_SUPPRESSED_BUFFERING, androidx.media3.exoplayer.analytics.PlaybackStats.PLAYBACK_STATE_ENDED, androidx.media3.exoplayer.analytics.PlaybackStats.PLAYBACK_STATE_STOPPED, androidx.media3.exoplayer.analytics.PlaybackStats.PLAYBACK_STATE_FAILED, androidx.media3.exoplayer.analytics.PlaybackStats.PLAYBACK_STATE_INTERRUPTED_BY_AD, androidx.media3.exoplayer.analytics.PlaybackStats.PLAYBACK_STATE_ABANDONED}" />
    </annotation>
  </item>
  <item name="androidx.media3.exoplayer.analytics.PlaybackStatsListener.PlaybackStatsTracker void updatePlaybackState(int, androidx.media3.exoplayer.analytics.AnalyticsListener.EventTime) 0">
    <annotation name="androidx.annotation.IntDef">
      <val name="value" val="{androidx.media3.exoplayer.analytics.PlaybackStats.PLAYBACK_STATE_NOT_STARTED, androidx.media3.exoplayer.analytics.PlaybackStats.PLAYBACK_STATE_JOINING_BACKGROUND, androidx.media3.exoplayer.analytics.PlaybackStats.PLAYBACK_STATE_JOINING_FOREGROUND, androidx.media3.exoplayer.analytics.PlaybackStats.PLAYBACK_STATE_PLAYING, androidx.media3.exoplayer.analytics.PlaybackStats.PLAYBACK_STATE_PAUSED, androidx.media3.exoplayer.analytics.PlaybackStats.PLAYBACK_STATE_SEEKING, androidx.media3.exoplayer.analytics.PlaybackStats.PLAYBACK_STATE_BUFFERING, androidx.media3.exoplayer.analytics.PlaybackStats.PLAYBACK_STATE_PAUSED_BUFFERING, androidx.media3.exoplayer.analytics.PlaybackStats.PLAYBACK_STATE_SUPPRESSED, androidx.media3.exoplayer.analytics.PlaybackStats.PLAYBACK_STATE_SUPPRESSED_BUFFERING, androidx.media3.exoplayer.analytics.PlaybackStats.PLAYBACK_STATE_ENDED, androidx.media3.exoplayer.analytics.PlaybackStats.PLAYBACK_STATE_STOPPED, androidx.media3.exoplayer.analytics.PlaybackStats.PLAYBACK_STATE_FAILED, androidx.media3.exoplayer.analytics.PlaybackStats.PLAYBACK_STATE_INTERRUPTED_BY_AD, androidx.media3.exoplayer.analytics.PlaybackStats.PLAYBACK_STATE_ABANDONED}" />
    </annotation>
  </item>
</root>

